firstName,lastName,email,company,position,salary
Patricia,Smith,patricia.smith@brightfutureltd.com,BrightFuture Ltd.,MANER,12286
Patricia,Moore,patricia.moore@blueskysolutions.com,BlueSky Solutions,PROGRAMMER,7260
John,Williams,john.williams@pioneersystems.com,Pioneer Systems,MANAGER,19863
John,Moore,john.moore@pioneersystems.com,Pioneer Systems,PROGRAMMER,12745
Sarah,Wilson,sarah.wilson@pioneersystems.com,Pioneer Systems,MANAGER,14557
John,Garcia,john.garcia@globalsoft.com,GlobalSoft,MANAGER,12547
William,Hernandez,william.hernandez@blueskysolutions.com,BlueSky Solutions,VICEPRESIDENT,26584
Barbara,Lopez,barbara.lopez@vertexanalytics.com,Vertex Analytics,MANAGER,10711
Thomas,Moore,thomas.moore@blueskysolutions.com,BlueSky Solutions,INTERN,3550
Robert,Moore,robert.moore@brightfutureltd.com,BrightFuture Ltd.,PROGRAMMER,12066
Barbara,Jackson,barbara.jackson@pioneersystems.com,Pioneer Systems,PROGRAMMER,7375
Elizabeth,Martinez,elizabeth.martinez@blueskysolutions.com,BlueSky Solutions,INTERN,5549
Patricia,Gonzalez,patricia.gonzalez@brightfutureltd.com,BrightFuture Ltd.,PROGRAMMER,13833
Barbara,Garcia,barbara.garcia@apexinnovations.com,Apex Innovations,MANAGER,20980
David,Williams
Elizabeth,Garcia,elizabeth.garcia@quantumworks.com,QuantumWorks,MANAGER,20485
Sarah,Davis,sarah.davis@apexinnovations.com,Apex Innovations,PROGRAMMER,13356
Mary,Davis,mary.davis@technovainc.com,TechNova Inc.,PROGRAMMER,10286
David,Williams,david.williams@pioneersystems.com,Pioneer Systems,INTERN,4323
Richard,Miller,richard.miller@quantumworks.com,QuantumWorks,MANAGER,24983